INSERT INTO tecnico VALUES ('t1278','Jose','Mourinho','1963-01-23');
INSERT INTO tecnico VALUES ('t1244','Pep','Guardiola','1971-01-18');
INSERT INTO tecnico VALUES ('t5342','Arsene','Wenger','1949-08-22');
INSERT INTO tecnico VALUES ('t7421','Alex','Ferguson','1941-12-31');
INSERT INTO tecnico VALUES ('t3542','Gerardo','Martino','1962-11-20');
INSERT INTO tecnico VALUES ('t1256','Roberto','Mancini','1964-11-27');
INSERT INTO tecnico VALUES ('t1567','Manuel','Pellegrini','1953-09-16');
INSERT INTO tecnico VALUES ('t1691','Carlos','Ancelotti','1959-06-10');
INSERT INTO tecnico VALUES ('t9984','Antonio','Conte','1969-07-31');

INSERT INTO partido VALUES ('p8834',4,2,'2012-01-23');
INSERT INTO partido VALUES ('p2512',0,0,'2012-02-13');
INSERT INTO partido VALUES ('p4251',2,1,'2012-03-21');
INSERT INTO partido VALUES ('p3467',0,4,'2012-04-12');
INSERT INTO partido VALUES ('p1244',3,0,'2012-01-03');
INSERT INTO partido VALUES ('p4562',1,2,'2012-05-25');
INSERT INTO partido VALUES ('p2575',1,1,'2012-02-12');
INSERT INTO partido VALUES ('p1255',2,6,'2012-02-09');
INSERT INTO partido VALUES ('p6735',1,2,'2012-07-05');
INSERT INTO partido VALUES ('p7613',2,3,'2012-08-04');
INSERT INTO partido VALUES ('p2156',5,3,'2012-04-20');

INSERT INTO equipo VALUES ('e1245','Chelsea FC','Stamford Bridge','1905-03-10','Fulham','t1278');
INSERT INTO equipo VALUES ('e2512','FC Bayern Munich','Allianz Arena','1900-02-27','Munich','t1244');
INSERT INTO equipo VALUES ('e2421','Arsenal FC','Emirates Stadium','1886-08-16','Holloway','t5342');
INSERT INTO equipo VALUES ('e2356','Manchester United FC','Old Trafford','1878-03-10','Manchester','t7421');
INSERT INTO equipo VALUES ('e1235','FC Barcelona','Camp Nou','1899-11-29','Barcelona','t3542');
INSERT INTO equipo VALUES ('e7451','Galatasaray FC','Türk Telekom Arena','1905-08-30','Estambul','t1256');
INSERT INTO equipo VALUES ('e1367','Manchester City FC','Etihad Stadium','1880-03-10','Manchester','t1567');
INSERT INTO equipo VALUES ('e2536','Real Madrid FC','Santiago Bernabéu','1902-03-06','Madrid','t1691');
INSERT INTO equipo VALUES ('e4632','Juventus','Juventus Stadium','1897-11-01','Turin','t9984');

INSERT INTO juega VALUES ('p8834','e4632','V');
INSERT INTO juega VALUES ('p8834','e2536','H');
INSERT INTO juega VALUES ('p2512','e2421','V');
INSERT INTO juega VALUES ('p2512','e1245','H');
INSERT INTO juega VALUES ('p4251','e7451','V');
INSERT INTO juega VALUES ('p4251','e2356','H');
INSERT INTO juega VALUES ('p3467','e7451','V');
INSERT INTO juega VALUES ('p3467','e1235','H');
INSERT INTO juega VALUES ('p1244','e2512','V');
INSERT INTO juega VALUES ('p1244','e1367','H');
INSERT INTO juega VALUES ('p4562','e2421','V');
INSERT INTO juega VALUES ('p4562','e4632','H');
INSERT INTO juega VALUES ('p2575','e2536','V');
INSERT INTO juega VALUES ('p2575','e2356','H');
INSERT INTO juega VALUES ('p1255','e2536','V');
INSERT INTO juega VALUES ('p1255','e1235','H');
INSERT INTO juega VALUES ('p6735','e1245','V');
INSERT INTO juega VALUES ('p6735','e2512','H');
INSERT INTO juega VALUES ('p7613','e2421','V');
INSERT INTO juega VALUES ('p7613','e7451','H');
INSERT INTO juega VALUES ('p2156','e1367','V');
INSERT INTO juega VALUES ('p2156','e2356','H');

INSERT INTO jugador VALUES ('j2156','Lionel Messi','MP','e1235');
INSERT INTO jugador VALUES ('j2154','Cristiano Ronaldo','EI','e2536');
INSERT INTO jugador VALUES ('j1133','Frank Ribery','EI','e2512');
INSERT INTO jugador VALUES ('j2635','Alvaro Negredo','DC','e1367');
INSERT INTO jugador VALUES ('j3651','Robin Van Persie','DC','e2356');
INSERT INTO jugador VALUES ('j3678','Wayne Rooney','MP','e2356');
INSERT INTO jugador VALUES ('j7341','Alexis Sanchez','ED','e1235');
INSERT INTO jugador VALUES ('j2466','Neymar','EI','e1235');
INSERT INTO jugador VALUES ('j3734','Gareth Bale','ED','e2536');
INSERT INTO jugador VALUES ('j8986','Didier Drogba','DC','e7451');
INSERT INTO jugador VALUES ('j4874','Oliver Giroud','DC','e2421');
INSERT INTO jugador VALUES ('j2267','Theo Walcott','ED','e2421');
INSERT INTO jugador VALUES ('j2235','Fernando Torres','DC','e1245');
INSERT INTO jugador VALUES ('j1245','Frank Lampard','MD','e1245');
INSERT INTO jugador VALUES ('j1342','Carlos Tevez','MCO','e4632');
INSERT INTO jugador VALUES ('j1235','Andrea Pirlo','MD','e4632');
INSERT INTO jugador VALUES ('j1266','Yaya Toure','VOL','e1367');
INSERT INTO jugador VALUES ('j3266','Arjen Robben','ED','e2512');

INSERT INTO gol VALUES ('g2156',20,'','j2156','p3467','e1235');
INSERT INTO gol VALUES ('g1256',35,'','j2466','p3467','e1235');
INSERT INTO gol VALUES ('g2678',47,'','j2156','p3467','e1235');
INSERT INTO gol VALUES ('g9363',80,'','j2156','p3467','e1235');
INSERT INTO gol VALUES ('g3263',2,'','j1342','p8834','e4632');
INSERT INTO gol VALUES ('g8542',12,'','j1235','p8834','e4632');
INSERT INTO gol VALUES ('g2356',40,'','j1342','p8834','e4632');
INSERT INTO gol VALUES ('g2236',80,'','j1235','p8834','e4632');
INSERT INTO gol VALUES ('g3743',67,'','j2154','p8834','e2536');
INSERT INTO gol VALUES ('g2345',90,'','j2154','p8834','e2536');
INSERT INTO gol VALUES ('g3788',17,'','j8986','p4251','e7451');
INSERT INTO gol VALUES ('g1245',90,'','j8986','p4251','e7451');
INSERT INTO gol VALUES ('g2766',40,'','j3678','p4251','e2356');
INSERT INTO gol VALUES ('g1344',1,'','j3266','p1244','e2512');
INSERT INTO gol VALUES ('g1234',89,'','j1133','p1244','e2512');
INSERT INTO gol VALUES ('g2536',90,'','j3266','p1244','e2512');
INSERT INTO gol VALUES ('g2146',12,'','j4874','p4562','e2421');
INSERT INTO gol VALUES ('g2577',34,'','j1235','p4562','e4632');
INSERT INTO gol VALUES ('g2377',67,'','j1235','p4562','e4632');
INSERT INTO gol VALUES ('g0034',90,'','j3651','p2575','e2356');
INSERT INTO gol VALUES ('g0320',10,'','j3734','p2575','e2536');
INSERT INTO gol VALUES ('g2830',8,'','j2156','p1255','e1235');
INSERT INTO gol VALUES ('g3998',30,'','j2156','p1255','e1235');
INSERT INTO gol VALUES ('g3783',74,'','j2156','p1255','e1235');
INSERT INTO gol VALUES ('g2241',56,'','j2466','p1255','e1235');
INSERT INTO gol VALUES ('g2283',45,'','j2466','p1255','e1235');
INSERT INTO gol VALUES ('g3209',90,'','j7341','p1255','e1235');
INSERT INTO gol VALUES ('g3598',15,'','j2154','p1255','e2536');
INSERT INTO gol VALUES ('g2488',50,'','j2154','p1255','e2536');
INSERT INTO gol VALUES ('g1744',33,'','j1133','p6735','e2512');
INSERT INTO gol VALUES ('g2427',59,'','j1133','p6735','e2512');
INSERT INTO gol VALUES ('g7838',88,'','j1245','p6735','e1245');
INSERT INTO gol VALUES ('g3934',1,'','j8986','p7613','e7451');
INSERT INTO gol VALUES ('g0937',5,'','j8986','p7613','e7451');
INSERT INTO gol VALUES ('g8739',33,'','j8986','p7613','e7451');
INSERT INTO gol VALUES ('g3256',21,'','j4874','p7613','e2421');
INSERT INTO gol VALUES ('g3956',45,'','j2267','p7613','e2421');
INSERT INTO gol VALUES ('g8273',3,'','j1266','p2156','e1367');
INSERT INTO gol VALUES ('g2273',17,'','j1266','p2156','e1367');
INSERT INTO gol VALUES ('g2748',46,'','j2635','p2156','e1367');
INSERT INTO gol VALUES ('g2174',57,'','j2635','p2156','e1367');
INSERT INTO gol VALUES ('g2740',89,'','j2635','p2156','e1367');
INSERT INTO gol VALUES ('g3834',38,'','j3678','p2156','e2356');
INSERT INTO gol VALUES ('g3084',20,'','j3651','p2156','e2356');
INSERT INTO gol VALUES ('g3080',77,'','j3651','p2156','e2356');
