insert into Categoria values('Arte','../Img/arte.jpg');
insert into Categoria values('Deportes','../Img/deportes.jpg');
insert into Categoria values('Electronica','../Img/electronica.jpg');
insert into Categoria values('Fotografia','../Img/fotografia.jpg');
insert into Categoria values('Ropa','../Img/ropa.jpg');
insert into Categoria values('Zapatos','../Img/zapatos.jpg');

insert into Subcategoria values('Colores','Arte','../Img/colores.jpg');
insert into Subcategoria values('Pinceles','Arte','../Img/pinceles.jpg');
insert into Subcategoria values('Pinturas','Arte','../Img/pinturas.jpg');
insert into Subcategoria values('Equipo','Deportes','../Img/equipo.jpg');
insert into Subcategoria values('Pelotas','Deportes','../Img/pelota.jpg');
insert into Subcategoria values('Audifonos','Electronica','../Img/audifono.jpg');
insert into Subcategoria values('Celulares','Electronica','../Img/celular.jpg');
insert into Subcategoria values('Laptops','Electronica','../Img/laptop.jpg');
insert into Subcategoria values('PCs','Electronica','../Img/pc.jpg');
insert into Subcategoria values('Tablets','Electronica','../Img/tablet.jpg');
insert into Subcategoria values('Accesorios','Fotografia','../Img/accesorios.jpg');
insert into Subcategoria values('Camaras','Fotografia','../Img/camara.jpg');
insert into Subcategoria values('Lentes','Fotografia','../Img/lentes.jpg');
insert into Subcategoria values('Camisas','Ropa','../Img/camisas.jpg');
insert into Subcategoria values('Deportiva','Ropa','../Img/deportiva.jpg');
insert into Subcategoria values('Pantalones','Ropa','../Img/pantalones.jpg');
insert into Subcategoria values('Vestidos','Ropa','../Img/vestidos.jpg');
insert into Subcategoria values('Casuales','Zapatos','../Img/casuales.jpg');
insert into Subcategoria values('Deportivos','Zapatos','../Img/deporte.jpg');
insert into Subcategoria values('Tacones','Zapatos','../Img/tacones.jpg');
insert into Subcategoria values('Formales','Zapatos','../Img/vestir.jpg');

insert into Articulo values('1','Arte','Colores','Colores de Meloive','Set de 72 lapices unicos de colores. Todos los lapices son de 18 cm de longitud y tienen el
nombre del color sobre el lapiz. Estos lapices de colores son muy simples para trabajar y
colorear, set profesional de lapices para niños y artistas que crean dibujos.

Este set de lapices para colorear esta fabricado con repuestos amigables con el medioambiente
de la mejor calidad para restaurar los colores originales vividos y vibrantes. Son
resistentes e irrompibles para usos prolongados.

El estuche tiene ranuras particulares para cada lapiz, puede proteger estos lapices para
evitar distintos daños, tambien es facil de cargar. Puede ser enrollado para un traslado
mas conveniente, y tambien cuenta con un logar interno para el sacapuntas.

Contiene 72 lapices, 1 sacapuntas y 1 estuche para lapices.','../Articulos/Set-72.jpg',34.79,'10');

insert into Articulo values('2','Arte','Colores','Giotto be-be 466500','Estuche de 12 lapices de colores. Lapices de colores de mina gigante de 7mm, extra suave,
que permite extender con facilidad y rapidez el color, con capuchon posterior de seguridad
anti-mordedura y anti-ahogo.

Contiene 12 super lapices y 1 super sacapuntas.','../Articulos/Giotto-be-be-466500.jpg',14.5,'10');

insert into Articulo values('3','Arte','Colores','GiBot Colores para Niños','Los lapices de colores con facilidad de agarre estan especialmente diseñados para que las
manitas de los niños se agarren con facilidad al cuerpo del lapiz y asi poder hacer sus
primeros dibujos sin esfuerzo, brindando a los pequeños artistas una emocionante manera
de jugar y aprender.
Estan hechos de material certificado no toxico, son absolutamente seguros para niños de todas
las edades.
Hay un pequeño agujero que atraviesa el lapiz, por lo que puede haber riesgo de asfixia si el
niño se traga accidentalmente el lapiz de colores.
Son faciles de lavar utilizando jabon de manos.

Contiene 12 lapices de colores basicos para niños.','../Articulos/GiBot-Colores-para-Ninos.jpg',11.6,'10');

insert into Articulo values('4','Arte','Colores','Faber-Castell 112435','36 ecolapices de color con forma triangular.
Zona de agarre GRIP a base de puntos antideslizantes.
Colores acuarelables con trazo suave.
Lavable en casi todos los tejidos.
Mina protegida contra rotura por el proceso de encolado SV.
Barniz ecologico a base de agua.
Fabricado en madera 100% reforestada.
Sencillo afilado y espacio para indicar el nombre.','../Articulos/Faber-Castell-112435.jpg',28.99,'10');

insert into Articulo values('5','Arte','Colores','Faber-Castell 110060','60 ecolapices polychormos multicolor.
Pigmentos de maxima calidad.
Intensidad de color garantizada.
Mina gruesa de 3,8 mm resistente al roce y al agua.
Trazo suave de colorido intenso.
Altamente resistente a la accion de la luz.
Estuche de metal.','../Articulos/Faber-Castell-110060.jpg', 92.78,'10');

insert into Articulo values('6','Arte','Pinceles','Artify Juego de Pinceles','Con 8 tipos de pinceles, utiliza una amplia variedad de tamaños y formas de pinceles para
conseguir la maxima precision. Incluye pincel detalle, plano, biselado, lengua de gato, daga,
redondo y abanico. Desde el retoque mas nimio hasta la aplicacion de capas en superficies
amplias, con cada pincelada los detalles se haran realidad.
No se caen los pelos, son fabricados con material de nylon sintetico y suave. Cada pincel
contiene delicadas cerdas que no se desprenden. Incluso tras multiples lavados y usos,
mantendran su forma durante muchos años.
Estuche con soporte, ademas de ser una solucion ideal para mantener los pinceles ordenados y
transportarlos sin problema, el estuche se puede utilizar como soporte para poder ir cogiendo
los pinceles comodamente mietras trabajas.
Mangos hechos a mano, cada mango se elabora a mano a partir de materiales naturales, por lo
que no son toxicos ni desprenden olores. Los mangos son cortos y se adaptan practicamente a
todo tipo de manos, lo que te proporciona la maxima comodidad incluso en largas sesiones de
pintura.
Herramientas extra, con la espatula podras realizar mezclas de color, aditivos, pegamentos,
pigmentos o cualquier otro producto, para crear espectaculares obras de arte. Tambien incluye
una esponja amarilla, que se puede utilizar para conseguir ingeniosas texturas y profundidad
en tus creaciones.','../Articulos/Artify-Juego-de-Pinceles.jpg',20.88,'10');

insert into Articulo values('7','Arte','Pinceles','Conda Conjunto de Pinceles Profesionales','Con calidad profesional, los pinceles estan fabricados para ser durables y faciles de limpiar.
Tienen una habilidad excepcional para realizar rapidamente los trabajos de arte, con un
acabado superior.
Los pinceles tienen un mango corto de madera barnizada, son ligeros y faciles de sujetar,
incluso para largas sesiones de pintar, permitiendo un control perfecto de las pinceladas.
Los pinceles estan fabricados con una mezcla de filamentos sinteticos diseñada para contener
una gran cantidad de pintura o agua. Los filamentos son montados en una ferula metalica,
tienen una elasticidad optima, son resistentes y muy faciles de limpiar.
El conjunto de pinceles viene con una funda resistente fabricada de lona, que permite guardar
y proteger los pinceles.','../Articulos/Conda-Conjunto-Pinceles-Profesionales.jpg',16.24,'10');

insert into Articulo values('8','Arte','Pinceles','Juego de Pinceles para pintar','El pelo de la comadreja ofrece la capacidad excelente de la tenencia liquida que da lugar a
un flujo liso uniforme de la pintura. No se dispersa o se extiende mientras pinta.
Con forma Fibert para pinturas ambientales.
Mangos de madera, sin ninguna viruta o grieta de la pintura, asegurando ninguna perdida del
pelo o oscilacion y proporcionando años de servicio excelente y confiable.
Adecuado para niños y adultos, como para hobby o profesion.','../Articulos/Juego-de-Pinceles-para-pintar.jpg',18.56,'10');

insert into Articulo values('9','Arte','Pinceles','Pinceles para pintura Rymall','Nylon Pinceles para pintura, suave, resistente y delicado. Hace unos trazos muy ligeros.
Para limpiar los pinceles, hundir en agua tibia y frotar suavemente con sus dedos.
Las cerdas permanecen suaves y flexibles despues de la limpieza y no se caen despues de esta.
Con mangos de madera, los casquillos son de doble rizado y seguros al mango por lo que no
hay deslizamiento, le daran mas control del pincel mientras pinta.
Un total de 9 pinceles de detalle, tal vez esta en la mejor variedad de tamaños para que
siempre se puede obtener el pincel adecuado para crear esos detalles.','../Articulos/Pinceles-para-pintura-Rymall.jpg',13.92,'10');

insert into Articulo values('10','Arte','Pinceles','Santa Fe Art Supply conjunto de pincel','Pinceles de artista de calidad versatil para acrilico, acuarela, fouache, aceite, pintura de
cara y artes y artesanias.
Cepillos de pintura profesionales sintenticos, no hay pelos sueltos. Pinceles de 30 cm, mangos
ergonomicos y bien equilibrados en madera natural pulida.
Incluye un cepillo de ventilador, plano, filbert, redondo, conico, ancho y mas fino.
Variedad ideal de pinceles en los tamaños 000-12
Estuche de transporte de proteccion, Bolsa protectora con panel de visualizacion interno para
pinceles de artista.
Art Set perfecto para todos los niveles. Los principiantes hasta los profesionales disfrutan
de este conjunto de pinceles de calidad, incluyendo nuestra garantia de reemplazo de por vida
garantizada al 100%.','../Articulos/Santa-Fe-Art-Supply-conjunto-de-pincel.jpg',37.11,'10');

insert into Articulo values('11','Arte','Pinturas','Arteza Pinturas 3D','30 frascos individuales de 29 ml (1oz) flexibles y faciles de apretar.
Colores ricos y vibrantes para pintar tela creando un efecto 3D.
Pinturas 3D metalicas, fluorescentes y con brillo en los colores oscuros.
Incluye 3 plantillas y 2 pinceles.
Certificado por ACMI respetando los estrictos estandares de calidad.','../Articulos/Arteza-Pinturas-3D.jpg',30.14,'10');

insert into Articulo values('12','Arte','Pinturas','Arteza Pinturas Premium','Gran seleccion de colores de calidad para el arte. Ya seas un recien llegado a pintura
acrilica o un artista con experiencia, los colores como el amarillo limon, el azul ftalo y
el rojo carmesi prenderan la chispa de tu imaginacion.
Pigmentos ricos y vivos, tu kit de pintura acrilica premium presenta colores suaves y
altamente pigmentados para producir tonos autenticos y uniformes. Son ideales para pintar
lienzos, y no se desvanecen con el tiempo.
Certificado de seguridad, nuestras pinturas acrilicas no son toxicas. Estan avaladas por el
instituto de materiales artisticos y creativos (ACMI), y ofrecen una completa seguridad.
Ideales para todas las edades.
El producto esta embalado en una caja robusta, ideal para mantener tus pinturas acrilicas 
siempre organizadas y accesibles.
Garantia de reembolso 100%. Si no estas satisfecho con el producto puedes devolverlo y te
reembolsamos el importe completo sin problemas, o te lo cambiamos por otro.','../Articulos/Arteza-Pinturas-Premium.jpg', 49.87,'10');

insert into Articulo values('13','Arte','Pinturas','Fabric Colours Pintura textil','Pintura permanente y resistente al agua.
Colores con acabado brillante para tus diseños.
Aplicable sobre diferentes tejidos y tonos.
Ideal tanto para niños como para adultos.
Facil modo de empleo.','../Articulos/Fabric-Colours-Pintura-textil.jpg',12.7,'10');

insert into Articulo values('14','Arte','Pinturas','Reeves Pinturas Acuarela','Amplia gama de colores
Pueden usarse en papel de acuarela o en lienzos sobre bastidor
Uselas directamente en papel mojado o diluya en una paleta
Colores brillantes con pigmentos de alta calidad
Contiene un estuche de 12 tubos de 10 ml de acuarelas.','../Articulos/Reeves-Pinturas-Acuarela.jpg',11.71,'10');

insert into Articulo values('15','Arte','Pinturas','Royal & Langnickel RSET-ART8000','Estuche de madera con apariencia a caoba.
Seleccion fina de materiales de artista.
Oleo, acuarelas y pinturas acrilicas en una sola caja.
Estante para pinceles.','../Articulos/Royal-Langnickel-RSET-ART8000.jpg',66.41,'10');

insert into Articulo values('16','Deportes','Equipo','Kamugo Equipo de Proteccion','Adecuado para niños de 3 a 15 años.
7 piezas que ofrecen una proteccion completa.
Varias tiras elasticas ajustables con cierre de velcro y con varios tamaños de rodilla.
Adecuado para montar en skate/monopatin/motocicletas/scooters/patines y otros deportes extremos.
','../Articulos/Kamugo-Equipo-de-Proteccion.jpg',30.14,'10');

insert into Articulo values('17','Deportes','Equipo','KUYOU Paracaidas de entrenamiento fisico','Paraguas de 56"de diamentro, puede proporcionar 25-50 libras, los experimentos muestran que
tu velocidad mejorara con el uso de esta rampa de entrenamiento de resistencia.
El cinturon ajustable de nylon de 2 pulgadas es totalmente ajustable y se ajusta
comodamente a casi cualquier atleta. La hebilla del cinturon de liberacion rapida permite
el entrenamiento con rafagas de aceleracion.
Ya sea que este en atletismo, futbol americano, futbol, baloncesto o cualquier otro deporte,
efectivamente promueve la explosividad y la resistencia que es vital en lso deportes de
campo y pista.
El cinturon gira 360 grados y tiene un anillo de movimiento libre que permite a los atletas
practicar el cambio de direccion durante la carrera de alta velocidad.
Si por alguna razon nuestro entrenamiento de velocidad de carrera no cumple con sus
expectativas, solo avisenos y le reembolsaremos o sustituiremos por completo.','../Articulos/KUYOU-Paracaidas-de-entrenamiento-fisico.jpg',14.76,'10');

insert into Articulo values('18','Deportes','Equipo','MOLLE ProCase Bolsa tactica para pistola','Dimensiones de la bolsa de pistola de 9 x 7 pulgadas (22.86 x 17.78 cm); suficiente para
almacenar dos pistolas, revistas, municiones, cartuchos de escopeta, accesorios de tiro, etc
Dos soportes incorporados con velcros en el compartimiento principal y el bolsillo trasero
para fijar las pistolas; diseño de correo orbital en el bolsillo trasero ofrece acceso rapido
a la pistola
Estupendo equipo de asalto tactico con la construccion de tela oxford resistente al agua,
cremalleras y hebillas resistentes; solido y duradero
Una manija resistente y una correa de hombro ajustable para las opciones de transporte; Bucles
en forma de D y cintas MOLLE para colocar accesorios
Dos velcros podrian adjuntar etiquetas de personalidad de acuerdo con su gusto; compacto y
ligero; la eleccion perfecta para la expedicion de caza o el deporte de tiro.','../Articulos/MOLLE-ProCase-Bolsa-tactica-para-pistola.jpg',24.58,'10');

insert into Articulo values('19','Deportes','Equipo','PLUSINNO Equipo de Pesca','Incluye 1 caña de pescar + carrete de la pesca + Señuelos de pesca VARIOS + Anzuelos de pesca +
Sedal + Bolsa de pesca + algunos accesorios necesarios.
Se puede utilizar sin necesidad de comprar ningun otro accesorio desde cualqueir lugar.
Perfecta elasticidad, la fibra de carbono de alta densidad mezclado con fibra de vidrio hacen
su caña de pescar dura y duradera.
Asientos de acero inoxidable con capucha del carrete anti-corrosion del agua de mar.
Portatil y con diseño de longitud cerrada.
','../Articulos/PLUSINNO-Equipo-de-Pesca.jpg',71.9,'10');

insert into Articulo values('20','Deportes','Equipo','Sixpad Abs Fit Entrenamiento abdominal','Programa de entrenamiento diario con una duracion de 23 minutos para tonificar y definir tus
musculos abdominales
Seguro, efectivo y portatil
Frecuencia de 20HZ desarrollada por MTG, comprobada como la frecuencia optima para el
entrenamiento de musculos
15 niveles de intesidad que permiten personalizar el entrenamiento
Cuenta con cinturon ajustable','../Articulos/Sixpad-Abs-Fit-Entrenamiento-abdominal.jpg',187.73,'10');

insert into Articulo values('21','Deportes','Pelotas','Adidas Glider Replica','Balon de futbol de talla 5 que es de gran tamaño; de talla 5, profesional, perfecto para todas
las edades.
Preparate para Rusia con este balon Top Glider de futbol de la Copa Mundial 2018 de Adidas.
La nueva pelota del Mundial tiene un exclusivo diseño de paneles mas amplios. Los balones se
envian desinflados.
Construido para soportar las demandas de entrenamiento. Hace eco del clasico diseño de balon de
futbol negro y blanco.
Acabado con el logotipo de Adidas y la marca Rusia 2018 para el Mundial del año 2018.
','../Articulos/Adidas-Glider-Replica.jpg',36.36,'10');

insert into Articulo values('22','Deportes','Pelotas','Adidas Tango','Este balon de futbol esta hecho para volar sobre el terreno de juego.
Costuras cosidas a maquina que garantizan un toque suave y una gran resistencia al desgaste
Es necesario inflarlo
100% TPU modelado por inyeccion','../Articulos/Adidas-Tango.jpg',20.88,'10');

insert into Articulo values('23','Deportes','Pelotas','HEAD Pro Pelotas','Material oficial Head
Ideal para padel
Pelotas bote de ultima generacion','../Articulos/HEAD-Pro-Pelotas.jpg',5.74,'10');

insert into Articulo values('24','Deportes','Pelotas','Spalding TF50 Baloncesto','Muy buena solcion respecto durabilidad y juego de caracteristicas.
Fantastico arranque de balon.
Resitente superficie de goma.
tamaño 3: 55-58cm, 300-350g, Hasta 8 años','../Articulos/Spalding-TF50-Baloncesto.jpg',11.54,'10');

insert into Articulo values('25','Deportes','Pelotas','Wilson Pelota Voley-Playa','Pelota de voley-playa de tamaño oficial, con logo de la AVP y diseño con colores
contemporaneos y formas llamativas.
Cubierta con esponja para un tacto mas suave y mayor duracion.
Maximo agarre gracias al recubrimiento de cuero sintetico, construccion de 18 paneles para
mayor resistencia al desgaste
La camara de aire de caucho butilo garantiza la retencion de la forma y tamaño de la pelota,
facil de inflar con una bomba de aire (no incluida)
Contenido: 1 Wilson Pelota de voley-playa, AVP QUICKSAND ALOHA, Exterior, Tamaño oficial,
Color: Rojo/Amarillo/Blanco.','../Articulos/Wilson-Pelota-Voley-Playa.jpg',17.34,'10');

insert into Articulo values('26','Electronica','Audifonos','Auriculares Bluetooth Manos Libres','Sonido increible con la ultima tecnologia Bluetooth y componentes acusticos de ultima generacion
Diseño inalambrico real con sonido de alta fidelidad
Se pueden usar individualmente o en pareja
La funda de carga portatil es ultraligera y tiene una bateria de litio de gran capacidad
Capacidad continua de 4 cargas con 3 horas de uso ininterrumpido entre cada carga
Aplicable a la mayoria de los dispositivos compatibles con Bluetooth
12 meses de garantia sin preocupaciones (reemplazo o reembolso gratuito)','../Articulos/Auriculares-Bluetooth-Manos-Libres.jpg',14.37,'10');

insert into Articulo values('27','Electronica','Audifonos','COWIN E7 Auriculares Inalambricos','Alta calidad de microfono incorporado y tecnologia NFC.
Conductores patentados de gran apertura de 40 mm.
Respuesta de graves profunda y precisa.
Inalambricos Bluetooth.
Los auricular son proteicos profesionales y giratorios de 90.
30 horas de tiempo de reproduccion por carga en modo Bluetooth.
Bateria incorporada de 600mAh.
Control remoto de microfono a bordo para tomar llamadas, control de volumen y cambiar las
listas de reproduccion.
18 meses de garantia y respuesta rapida  servicio al cliente amistoso.','../Articulos/COWIN-E7-Auriculares-Inalambricos.jpg',57.98,'10');

insert into Articulo values('28','Electronica','Audifonos','Ibeats Monster','iBeats es un clasico hecho por Monster y Beats By Dr. Dre.Unique y avanzado
Cavidad de metal para crear un potente efecto de bajo
ControlTalk esta equipado con un microfono para un control perfecto del volumen y la respuesta
para Apple Iphone, Ipad y Ipod
Embalaje original','../Articulos/Ibeats-Monster.jpg',30.14,'10');

insert into Articulo values('29','Electronica','Audifonos','Sony MDR-EX110LP','Auriculares internos con diafragmas de neodimio de 9mm
Diafragmas de nodimio (9 mm)
Rango de frecuencia de 5-24.000 Hz
Reduccion de ruido
Alambrico y de Plastico','../Articulos/Sony-MDR-EX110LP.jpg',23.2,'10');

insert into Articulo values('30','Electronica','Audifonos','Sony MDR-ZX110','Auriculares Cerrados de tipo supra-aural con un rango de frecuencia de 12kHz a 22kHz y cascos
acolchados
Diafragmas tipo cupula de 30mm
Unidades ligeras de diafragma de nodimio dinamico de 30mm
Cambia facilmente entre canciones y llamadas sin necesidad de quitarte los auriculares
Peso del producto: 118g','../Articulos/Sony-MDR-ZX110.jpg',23.2,'10');

insert into Articulo values('31','Electronica','Laptops','Acer Predator 17','Procesador Intel Core i7-6700HQ 2.6 GHz
Pantalla de 17.3 pulgadas con resolucion maxima de 3840 x 2160 pixeles
Capacidad de la memoria RAM de 64 GB DDR4-SDRAM
Capacidad del disco duro de 1000 GB
Tarjeta grafica NVIDA GeForce GTX 1080 con capacidad de 8 GB de VRAM
Con SO Windows 10 Home
Bateria de Ion de litio con una duracion media de 7 horas y una capacidad de 45 watts_hours
','../Articulos/Acer-Predator-17.jpg',2301.13,'10');

insert into Articulo values('32','Electronica','Laptops','Ankermann PC Gaming Notebook','Procesador Intel Core i7 7700HQ 4x2 2.80 GHz
Pantalla de 17.3 pulgadas
Capacidad de la memoria RAM de 16 GB DDR4
Capacidad del disco duro de 2000 GB Seagate Barracuda
Tarjeta grafica GTX 1060 con 6GB de VRAM
Con SO Windows 10 Professional 64 bit','../Articulos/Ankermann-PC-Gaming-Notebook.jpg',1738.47,'10');

insert into Articulo values('33','Electronica','Laptops','Lenovo Ideapad 310-15 IKB','Procesador Intel Core i7-7500U
Pantalla de 15.6 pulgadas con resolucion maxima de 1366 x 768 pixeles
Capacidad de la memoria RAM de 8 GB DDR4 SDRAM
Capacidad del disco duro de 1000 GB HDD
Tarjeta grafica NVIDIA GeForce 920MX
Con SO Windows 10 Home 64 bit
Bateria de 65 watt_hours de Polimero de litio','../Articulos/Lenovo-Ideapad-310-15-IKB.jpg',933.85,'10');

insert into Articulo values('34','Electronica','Laptops','Lenovo Yoga 910-13 IKB','Procesador Intel Core I5-7200U 2.5 GHz con turbo hasta 3.1 GHz
Pantalla de 13.9 pulgadas con resolucion maxima de 3840 x 2160
Capacidad de la memoria RAM de 8 hasta 16 GB DDR4 SDRAM
Capacidad del disco duro de 512 GB SDD
Tarjeta grafica Intel HD Graphics 620
Con SO Windows 10
Bateria con una duracion media de 10 horas','../Articulos/Lenovo-Yoga-910-13-IKB.jpg',2087.56,'10');

insert into Articulo values('35','Electronica','Laptops','Microsoft Surface Laptop','Procesador Intel Core i5 7300U
Pantalla de 13.5 pulgadas
Capacidad de la memoria RAM de 8 GB
Capacidad del disco duro de 256 GB SSD
Tarjeta grafica Intel HD Graphics 620
Con SO Windows 10','../Articulos/Microsoft-Surface-Laptop.jpg',1679.84,'10');

insert into Articulo values('36','Electronica','PCs','Acer Predator PO9-600','Procesador Intel Core i7-8700K con 6 nucleos, 3.7 GHz hasta 4.7 GHz con turbo
Peso 15kg
Capacidad de memoria RAM de 16 hasta 64 GB DDR4-SDRAM
Capacidad del disco duro de 1000 GB
Tarjeta grafica NVIDIA GeForce GTX 1070
Potencia electrica de 1000 vatios
Con SO Windows 10 Home','../Articulos/Acer-Predator-PO9-600.jpg',3199.99,'10');

insert into Articulo values('37','Electronica','PCs','Alienware Area 51 R2','Procesador Intel i7-5820K con 6 nucleos, 3.3 GHz y 3.6 GHz con turbo
Peso de 28kg
Capacidad de la memoria RAM de 16 a 64 GB DDR4-SDRAM
Capacidad del disco duro de 2000 GB PC2-4200
Tarjeta grafica NVIDIA GeForce GTX TITAN X
Potencia electrica de 850 vatios
Con SO Windows 10 Home','../Articulos/Alienware-Area-51-R2.jpg',2399.99,'10');

insert into Articulo values('38','Electronica','PCs','Corsair ONE PRO Ti','Procesador Intel Core i7-7700k con 4 nucleos, 2.4 GHz hasta 4.8 GHz con turbo
Peso de 7.4 kg
Capacidad de la memoria RAM 16 GB DDR4-SDRAM
Capacidad del disco duro de 2000 GB Hybrid (HDD/SDD)
Tarjeta grafica NVIDIA GeForce GTX 1080 Ti
Con SO Windows 10 Home','../Articulos/Corsair-ONE-PRO-Ti.jpg',3199.99,'10');

insert into Articulo values('39','Electronica','PCs','MSI Infinite X 8RC-099EU','Procesador Intel Core i7-8700 con 6 nucleos, 3.2 GHz hasta 4.6 GHz con turbo
Peso de 13 kg
Capacidad de la memoria RAM de 16 hasta 64 GB RAM DDR4 2400 MHz
Capacidad del disco duro de 2000 GB HDD + 256 GB M.2 NVMe
Tarjeta grafica NVIDIA GeForce GTX 1060 con 6 GB de VRAM
Potencia electrica de 550 vatios
Con SO Windows 10 Home','../Articulos/MSI-Infinite-X-8RC-099EU.jpg',1899.99,'10');

insert into Articulo values('40','Electronica','PCs','NITROPC - PC Gamer GX','Procesador Intel Core i7-8700 con 4 nucleos con 4.3 GHz
Peso de 11 kg
Capacidad de la memoria RAM de 32 hasta 64 GB DRAM
Capacidad del disco duro de 2000 GB HDD SATA + 480 GB SSD
Tarjeta grafica NVIDIA GeForce GTX 1080 con 8 GB de VRAM GDDR5
Con SO Windows 10 de 64 bits','../Articulos/NITROPC-PC-Gamer-GX.jpg',2399.99,'10');

insert into Articulo values('41','Electronica','Tablets','ASUS ZenPad 8','Increíble relación de 76,5% pantalla a cuerpo que te ofrece una experiencia de tablet HDTV vívida y rica. MediaTek MT8163 Quad-Core, 64 bits.
El diseño de moda lleva influencias modernas para un aspecto lujoso y limpio para un atractivo universal y elegante.
ASUS VisualMaster optimiza todos los aspectos de la pantalla, lo que resulta en una experiencia de visualización increíblemente realista.
ASUS ZenUI mejora la experiencia Android para ser más simple e inteligente con más de 1.000 características. Red de datos inalámbrica: WLAN802.11 a/b/g/n.
La cámara dual PixelMaster de 8 pulgadas de Zenpad está diseñada para ofrecer fotos impresionantes de alta resolución.
','../Articulos/ASUS-ZenPad-8.jpg',126,'10');

insert into Articulo values('42','Electronica','Tablets','Dragon Touch X10','Rendimiento inmejorable: Con un potente y robusto Octa-Core CPU – -8 x Cortex A7 que corre a 2.0 GHz y una Octa-Core alta velocidad PowerVR SGX544 GPU, Dragon Touch X10 proporciona la experiencia más rápido para la multitarea: Gaming, ver vídeos, escuchar música, etc. Lo que es más, streaming de video es mucho más rápido con decodificación H.265.
visualización brillante: con tecnología de SmartColor, con la visualización IPS de 10 inch con resolución de 1366 x 768 nunca se perderá ningún detalle. compartir la gran visualización con las familias es mucho más agradable a través del ángulo de visión de 178 grados. con tecnología multi-touch de 10 puntos, es más preciso y sensible.
Función Multi: Módulo Wi-Fi mejorado permite una experiencia de más velocidad de carga para navegar por la web, streaming de música, hacer llamadas de video y mucho más. Bluetooth integrado permite emparejar con Bluetooth dispositivos, el mini puerto HDMI simplifica la sincronización a su visualización HDTV. incluso se podría cargar otro dispositivo a través del puerto USB estándar.
Entretenimiento ilimitado: Pre-instalado Google Play te ofrece al mundo del entretenimiento, montones de aplicaciones de juegos, sociales, compartir están disponibles, como Facebook, Twitter, Netflix, Instagram, etc.. Equipado con un una cámara trasera de 5.0 MP y cÁmara frontal de 2.0 MP con autoenfoque, X10, le permite tomar fotos y video chat con amigos y miembros de la familia.
US local de atención al cliente: Servicio al Cliente/Soporte técnico a tiempo, frecuencia de actualización de Firmware garantiza al cliente satisfactorio. no dude en contactar con nosotros cada vez que una pregunta aparece en su cabeza, siempre estamos aquí para ayudarle.
','../Articulos/Dragon-Touch-X10.jpg',109.99,'10');

insert into Articulo values('43','Electronica','Tablets','Samsung Galaxy Tab A SM','El S Pen te permite tomar notas, dibujar en fotos, crear GIF animados y más.
Mira cómo todo cobra vida en la impresionante pantalla de 10.1" Full HD.
Un procesador de ocho núcleos alimentado por una batería de larga duración con hasta 14 horas de navegación por Internet.
Amplía la memoria de tu tableta hasta 256 GB adicional con una tarjeta microSD™ (se vende por separado).
Conectividad Wi-Fi 802.11 a/b/g/n/ac, 2.4 GHz + 5.0 GHz, VHT80','../Articulos/Samsung-Galaxy-Tab-A-SM.jpg',156.18,'10');

insert into Articulo values('44','Electronica','Tablets','Samsung Galaxy Tab A','Android 5.0 Lollipop, 8-inch Display. Product Dimensions (inches) 8.20" x 5.43" x 0.29"
Samsung Quad Core Processor, 1.2 GHz
16 GB Flash Memory, 1.5 GB RAM Memory
microSD Card Slot (Up to 128GB); Battery : 4200 mAh
Supports WIFI only (Does not support 3g, LTE)
Display Resolution: 1024 x 768 XGA','../Articulos/Samsung-Galaxy-Tab-A.jpg',169.99,'10');

insert into Articulo values('45','Electronica','Tablets','Yellyouth Android Tablet','Tablet con doble ranuras de tarjeta SIM – el desbloqueado 10 inch Android Tablet con ranuras de tarjeta SIM Dual, puede hacer llamada de teléfono y navegar por Internet, compatible con 2 piezas tarjetas SIM en espera al mismo tiempo.Tamaño ajustable para estándar y soporta 2 G: GSM 850/900/1800/1900 MHz, 3 G: WCDMA 2100/850/1900 MHz.(No compatible con AT & T y SIM T-Mobile)
Tamaño grande y de alto rendimiento – la última intervensión, 3 G Tablet con visualización de 10 inch IPS visualización táctil, sistema Android, procesador octa-core CPU, 4 GB de RAM y 64 GB ROM, garantiza cargas rápido. Construido en Bluetooth, WiFi, GPS, cámaras duales y ranura para tarjeta micro SD.
Almacenamiento ampliado y conexión – tablet con ranura para tarjeta micro SD le permite añadir hasta 32 GB de espacio adicional para almacenar canciones, vídeos, fotos y otros archivos. Uso cable OTG puede conectarse a otros dispositivos, tales como teclados, ratones, altavoces etc.
Duración de la batería y multilingüe – el 10 inch Android Tablet construido en batería de 5000 mAh, disfrutar de mayor tiempo de funcionamiento y tiempo de espera.Aproximadamente 2 – 3 horas para ver vídeos, leer y escribir.Esta tablet es limpio sin ningún tipo de complementos y más de 40 idiomas puede elegir. Fácil de usar.
1 año de garantía, servicio técnico de por vida – Tarjeta SIM solo soporta la red GSM y WCDMA red telefónica, si utilizar otra tarjeta sim, el 10 inch Tablet no es capaz de identificar los operadores de red, por lo que habrá una parada, por favor, elija el derecho de estado de trabajo en la red telefónica, ATENCIÓN AL CLIENTE puede leer antes de comprar este producto.
','../Articulos/Yellyouth-Android-Tablet.jpg',97.99,'10');

insert into Articulo values('46','Electronica','Celulares','Apple iPhone X','An all-new 5.8-inch Super Retina screen with all-screen OLED Multi-Touch display
12MP wide-angle and telephoto cameras with Dual optical image stabilization
Wireless Qi charging
Splash, water, and dust resistant
Sapphire crystal lens cover','../Articulos/Apple-iPhone-X.jpg',1389.99,'10');

insert into Articulo values('47','Electronica','Celulares','BlackBerry KEY2','FDD-LTE 1, 2, 3, 4, 5, 7, 8, 12, 13, 17, 19, 20, 26, 28, 32 (2100/1900/1800/1700/850/2600/900/700/700/700/850/800/850/700/1500) TD-LTE 38, 39, 40, 41 (2600/1900/2300/2500)
Dual Sim, 128GB, BBB100-6 Model
Android 8.1 (Oreo), Qualcomm SDM660 Snapdragon 660, Octa-core (4x2.2 GHz Kryo 260 & 4x1.8 GHz Kryo 260)
Primary Camera Dual: 12MP (f/1.8, 1/2.3", 1.28µm, dual-pixel PDAF) + 12MP (f/2.6, 1.0µm, PDAF), 2160p@30fps, 1080p@30fps, Secondary Camera 8MP (f/2.0, 1.12µm), 1080p
','../Articulos/BlackBerry-KEY2.jpg',1249,'10');

insert into Articulo values('48','Electronica','Celulares','HTC U12 Plus','Cutting edge design - incredible 6.0” Quad HD display with 18: 9 Aspect ratio
Edge sense 2 - squeeze the sides of the phone or now you can even double tap or hold to interact with some of your favorite Features
Highest rated Dual front and back cameras - dxo Mark Score of 103: Dual 16 and 12 MP rear-facing cameras and 2 - 8 MP front-facing cameras delivering beautiful bokeh effect images
Best ever audio - HTC Boom Sound hi-fi Edition speaker system paired with the included HTC sonic earbuds with active noise cancellation
Unrivalled power and performance - flagship-level specs in every way including the Qualcomm Snapdragon 845 mobile platform
','../Articulos/HTC-U12-Plus.jpg',679,'10');

insert into Articulo values('49','Electronica','Celulares','Samsung Galaxy Note 8 SM','6.3 inch, visualización táctil capacitiva Super AMOLED, 16 M colores, 1440 x 2960 pixeles, Corning Gorilla Glass 5
Dual SIM, red de compatibilidad: 2 g GSM 850/900/1800/1900 y/o 3 G 850 (B5)/900 (B8)/1700|2100 (B4)/1900 (B2)/2100 (B1) y/o 4 G/LTE 700 (B12)/700 (B13)/700 (b17)/700 (B28)/800 (B18)/ 800 (B19)/800 (B20)/850 (B5)/850 (B26)/900 (B8)/1700|2100 (B4)/1800 (B3)/1900 (B2)/1900 (B25)/2100 (B1)/2600 (B7): TD-LTE 1900 (B39)/2300 (B40)/2500 (B41)/2600 (B38)
Exynos 8895 Octa, (4 x 2.3 GHz de ocho núcleos y 4 x 1,7 GHz), mali-g71 mp20, de almacenamiento de 64 GB, RAM 6 GB, microSD, hasta 256 GB, cámara dual, 12 MP, 8 MP cámara frontal
En la caja: Smartphone Samsung Galaxy Note8 – single-sim, S Pen, pinza y puntas para lápiz, USB adaptador de alimentación, conector Micro USB, conector USB (USB (tipo C), cable USB, Pin de expulsión, auriculares, documentación, Retail Box con número imei
Nota: cerradura serán eliminados por activación regional (apertura) unidad antes de su envío.
','../Articulos/Samsung-Galaxy-Note-8-SM.jpg',699.77,'10');

insert into Articulo values('50','Electronica','Celulares','Samsung Galaxy S9 Plus','Pantalla táctil capacitiva Super AMOLED de 16M colores, 1440 x 2960 píxeles, cristal Corning Gorilla Glass 5.
Dual-SIM / FS--SIM, Compatibilidad de red: Tarjeta SIM 1 [2G GSM 850 / 900 / 1800 / 1900 y/o 3G 850 (B5) / 900 (B8) / 1900 (B2) / 2100 (B1) y/o 4G LTE 700 (B17) / 700 (B28) / 800 (B20) / 850 (B5) / 900 (B8) / 1700created 2100 (B4) / 1800 (B3) / 1900 (B2) / CAR2(B1001) / SIM 26002 (B7)
Android 8.0 (Oreo), Exynos 9810 Octa, Octa-core (4x2.7 GHz Mcontinuous M3 & 4x1.8 GHz Cortex-A55), Mali-G72 MP18
256 GB de almacenamiento, 6 GB de RAM, hasta 400 GB ranura para tarjeta microSD
Dual: 12 MP (f/1,5-2,4, 1.024 in, 2,555", 1,4 µm, PDAF) + 12 MP (f/2,4, 2.047 in, 1/3,6", 1 µm, AF), OIS, enfoque automático de detección de fases, zoom óptico, flash LED, 2160p @ 60fps, 1080p @ 240fps, 720p @ 960fps, HDR, grabación de vídeo dual, 8 MP autosecundaria (f/1,7, 0.984 in, enfoque 1/3,6", video 1,22 pps,
','../Articulos/Samsung-Galaxy-S9-Plus.jpg',1479,'10');

insert into Articulo values('51','Fotografia','Accesorios','Altura Photo Difusor de Luz','Incluso iluminación: difundir el y suaviza la luz desde su unidad de flash crea una incluso iluminación y produce imagen de atractivo natural. dispone de un difusor interior adicional para imágenes incluso más suave.
Fácil de usar: se engancha fácilmente en su unidad de flash a través de una elástica ajustable y cuenta con agarres antideslizante de goma para sostener el difusor en su lugar.
Diseño compacto: se pliega e incluye una bolsa. perfecto para un fácil almacenamiento y transporte.
Talla única: Compatible con la mayoría de los flashes externos (incluyendo Canon, Nikon, Sony, Olympus, y más).
Garantía de Satisfacción: respaldado con digital goja 90 días 100% garantía de satisfacción.
','../Articulos/Altura-Photo-Difusor-de-Luz.jpg',12.99,'10');

insert into Articulo values('52','Fotografia','Accesorios','Chromo Inc Macro Ring Power Light','El Chromo Inc® Macro Ring 48 luz LED es compatible con casi todas las cámaras SLR
3 modos de funcionamiento – todo luz, media derecha y la mitad izquierda luz
Alimentado por 2 pilas AA o adaptador de CA (adaptador de CA baterías y deben ser comprados por separado).
Anillo de luz LED viene con 6 diferentes tamaño Anillo Adaptador
Chromo Inc® es una Estados Unidos marca comercial registrada bajo número de serie 85524492
','../Articulos/Chromo-Inc-Macro-Ring-Power-Light.jpg',29.98,'10');

insert into Articulo values('53','Fotografia','Accesorios','Emart 600W Photography Studio Kit','Paquete incluye: 3 * 45 W lámparas de bajo consumo ? 2*83" luz stands ? 1*30" luz soporte ? 3 * soportes de lámparas ? ? 2 * 2 * translúcido Umbrellas negro/plateado reflector umbrellas?1 * foco transporte bag?1 * Funda de transporte incluida
Este kit profesional es perfecta para los productos de publicidad, artístico, fotografía industrial, científica y técnica, reproducción fotográfica.
(2) el negro/plata Paraguas refleja todas las fuentes de luz al tiempo que maximiza la luz (2) el paraguas blanco translúcido. es ligero y fácil de configurar, produciendo una temperatura de color neutra. (3) el soporte de luz está hecha de aleación de aluminio, dándole fuerza excepcional para el trabajo resistente.
(3) la sola cabeza luz soporte te permite colocar una foco a un soporte de luz y añadir un paraguas. (3) 45 W Day-Light Bombillas de estudio: equivale a 200 W de foco incandescente regular salida. 5500 K fluorescente en espiral foco genera una estrecha para que se ajusten a luz natural y una visión nítida de los artículos que se ilumina. es mejor para fotografía iluminación. cada 45 W foco Longitud: 6.7 inch, diámetro: 2.3 inch.
(1) paraguas de práctica funda de transporte (1) bolsa de transporte de foco: ideal para transportar luz stands, paraguas, y otros accesorios.
','../Articulos/Emart-600W-Photography-Studio-Kit.jpg',52.89,'10');

insert into Articulo values('54','Fotografia','Accesorios','Lightdow Macro LED Ring Flash','Luz LED de alta calidad cerca de la luz natural, siete niveles de luminancia de estado para satisfacer mayores necesidades de fotografía
Consta de 48 piezas LED, mayor luminosidad y menor consumo de energía estática
Ocho anillos para uso alternativo de adaptador de diámetros de 49 mm, 52 mm, 55 mm, 58 mm, 62 mm, 67 mm, 72 mm, 77 mm
Cuatro colores de difusores de flash para uso alternativo naranja, azul, blanco ostra, y transparente
','../Articulos/Lightdow-Macro-LED-Ring-Flash.jpg',22.99,'10');

insert into Articulo values('55','Fotografia','Accesorios','TARION M-02 Water-Repellent Canvas Backpack Photography','Diseñado por TARION en un estilo clásico clásico, para almacenamiento práctico y moderno acceso sobre la marcha.
Gran capacidad con dos compartimentos grandes. compartimento inferior compuesto de compacto, acolchado, Velcro, divisores para cámara, lentes y otros accesorios. parte superior partición/área para la ropa, etc. Correa ajustable de liberación para mayor capacidad.
Hecho de resistente, repelente al agua, fácil de limpiar y repelente de manchas high-class calidad de lona y piel de búfalo, acolchado, suficiente para razonable absorción extra de lluvia ofrece una protección impermeable. trípode/Carry correas en la base.
Diseño ergonómico, correas acolchadas, panel trasero de malla de aire, y con asa superior proporciona un montón de espacio de almacenamiento y transporte de máxima comodidad.
Dimensiones: 29 x 18 x 42 cm/11.4 x 7.1 x 16.5." aprox.','../Articulos/TARION-M-02-Water-Repellent-Canvas-Backpack-Photography.jpg',59.99,'10');

insert into Articulo values('56','Fotografia','Camaras','AbergBest ABcam 218','Newest software is updated! The applicable uses for this Digital Camera: digital still images, Web Cam, Play Back, Video record, voice reord and so on.
2.7" TFT LCD display show you vivid video,550mAh Lithium Ion (Li-Ion) rechargeable battery can support camera works more than 60 minutes.
21 mega pixels resolution for good capture, HD 720P resolution for recording, create your HD masterpiece! Support External-Memory MAX 64G SD card. ( Not included )
Anti-shake, Face Detect, Smile Capture, Continue Shot, Self Timer, 8X Digital Zoom, PhoTags Express Software for Photo Editing, Printing, and Sharing with E-mails, etc.
Satisfaction Guaranteed, youll love this Video camera Digital or youll get your money back!
','../Articulos/AbergBest-ABcam-218.jpg',40.99,'10');

insert into Articulo values('57','Fotografia','Camaras','Kodak PIXPRO Astro Zoom AZ421','Powerful 16.1-megapixel CCD sensor gives you room to enlarge, zoom and crop to your hearts content without losing out on life-like clarity or quality.
42x optical zoom and a 24mm wide angle lens moves you closer to the subject and fit more into every frame.
Face/Cat/Dog Detection detects facial features and enhances it for true subject highlighting, even your four-legged cat and dog friends. Blink/Smile Detection helps you to capture the perfect moment.
Face Beautifier mode and loads of built-in touch-up features allow you to reduces facial flaws, enhance skin tone and the eyes of your portrait subjects instantly. Operation Environment :Temperature: 32° – 104°F / 0° – 40°C, Humidity: 0 – 90%
Use the Panorama mode to create a seamless panoramic picture to 180-degree easily by panning the camera across your subject.
','../Articulos/Kodak-PIXPRO-Astro-Zoom-AZ421.jpg',145.99,'10');

insert into Articulo values('58','Fotografia','Camaras','Nikon D3400 DSLR','Conectividad Bluetooth SnapBridge
Sensor CMOS de 24,2 MP DX-Format.
EXPEED 4 - Procesador de imagen
Sin filtro óptico de baja pasada.
ISO nativo 100-25600; disparo de 5 fps. Información de compatibilidad: C firmware v. 1.10 y posterior (lanzado el 31 de agosto de 2016).
','../Articulos/Nikon-D3400-DSLR.jpg',596.95,'10');

insert into Articulo values('59','Fotografia','Camaras','Sony Cyber-Shot DSC-H300','Este producto reacondicionado certificado es fábrica reformado, muestra no limitado o desgaste, y incluye todos los accesorios original, además una garantía de 90 días
20,1 megapíxeles Plus 35 x zoom aporta detallada temas cerca – 3.0" visualización LCD para visualización fácil y edición de fotos
Estabilización de imagen Optical SteadyShot reduce la borrosidad
Captura tus videos en modo de vídeo HD de 720p
Disparo creativos con imagen y los efectos de belleza','../Articulos/Sony-Cyber-Shot-DSC-H300.jpg',139.95,'10');

insert into Articulo values('60','Fotografia','Camaras','Sony DSCW800','MP Super HAD CCD sensor for beautifully detailed images. Blink Detection
Sony Lens w/ 5x Optical Zoom and 360 sweep panorama
Reduced blur with SteadyShot Image stabilization
Capture your videos in 720p HD Movie mode
Simplify camera menu with Easy Mode.
Super HAD CCD 20.1 MP sensor
Sony Lens with F3.2 (W) – 6.4 (T) Maximum Aperture','../Articulos/Sony-DSCW800.jpg',59.99,'10');

insert into Articulo values('61','Fotografia','Lentes','Altura Photo 58mm 0.43X','Easily screws on to the front of your lens, and instantly expands the field of view for breathtaking wide-angle photography. Features a detachable macro lens for extremely high-resolution close-ups of small objects.
Lens Compatibilities: Popular 58MM Lens models include EF-S 18-55mm f/3.5-5.6 IS II, EF-S 55-250mm f/4-5.6 IS II, EF 50mm f/1.4 USM, EF 75-300mm f/4-5.6 III USM.
Camera Models: CANON Rebel (77D T7i T6i T6 T6s T5i T5 T4i T3i T2i T1i XT XTi XSi), CANON EOS (750D 760D 650D 600D 550D 500D 450D 400D 350D 300D 7D 60D) and more.
NOTE: PLEASE VERIFY YOUR CAMERAS LENS THREAD SIZE BEFORE ORDERING. This Wide-Angle is compatible with 58MM lenses only. Lens sizes vary regardless of camera brand or model. Your cameras lens thread size will be marked somewhere on the lens barrel or printed underneath your lens cap. This number is always preceded by a ""Ø"" (diameter) symbol. For example: Ø58 = 58mm lens thread size.
Backed with Digital Goja 90-Day 100% Satisfaction Guarantee.','../Articulos/Altura-Photo-58mm-0-43X.jpg',24.99,'10');

insert into Articulo values('62','Fotografia','Lentes','CANON EF 75-300mm','Este producto reacondicionado certificado es probado y certificado para mirar y pruebas de trabajo como nueva funcionalidad de restauración. el proceso incluye, limpieza, inspección, básica y reembalaje. el producto se envía con todos los accesorios, un mínimo de 90 días de garantía, y sólo puede llegar en una caja genérica. seleccionar los vendedores que mantener un alto rendimiento puede ofrecer certificado refurbished productos en Amazon. com
4,9 distancia mínima de enfoque; 32- a 8-degree ángulo de visión diagonal; utiliza una unidad gear-driven motor CC para el enfoque automático.
Zoom mecanismo mejorado hace que sea más suave; Parte delantera de anillo de plata anillo de zoom Deportes
75 – 300 mm longitud focal: Este versátil, lente de zoom cubre una amplia gama de largo alcance, lo que le permite capturar la imagen perfecta desde diferentes distancias.
Apertura máxima f/4 – 5.6: proporciona imágenes claras horizontal y bonitas fotos de distancia, incluso en la sombra y en días nublados.
','../Articulos/CANON-EF-75-300mm.jpg',78.88,'10');

insert into Articulo values('63','Fotografia','Lentes','Nikon AF-S FX NIKKOR','rápido f/1.8 compacto formato FX lente prime
Hermoso fondo de desenfoque (bokeh)
Excelente consistencia del color.
Reduce brillos de la lente y las imágenes fantasma
Eficaz corrección de la aberración','../Articulos/Nikon-AF-S-FX-NIKKOR.jpg',216.95,'10');

insert into Articulo values('64','Fotografia','Lentes','Super 500mm-1000mm F-8 Manual Telephoto','Super Teleobjetivo manual 500 mm/1000 mm f/8','../Articulos/Super-500mm-1000mm-F-8-Manual-Telephoto.jpg',87.99,'10');

insert into Articulo values('65','Fotografia','Lentes','YONGNUO YN50mm F1.8','Rango de ángulo: Diagonal 46 °/vertical 27 °/Nivel 40 °
Estructura de lente: 5 grupos 6 rebanadas
Apertura mínima: f/22/diámetro de filtro/Número de disponibles: 52 mm/1
Distancia más cercana: 0,45 m
Máxima ampliación y de campo de visión: 0.15 x 160 x 240 mm (cuando se encuentra a 0,45 metros)
','../Articulos/YONGNUO-YN50mm-F18.jpg',44,'10');

insert into Articulo values('66','Ropa','Camisas','G&Kshop Camisa Polo','Playera, Hombre Moda de Verano, playera, sudadera con capucha, playera, playera de manga corta, playera con bolsillo para, Novedad t Shirt al aire última intervensión, colección, playera básica de algodón, humor playera, playera, trabajo de comodidad suave playera, playera de manga larga, redondo, manga corta, camisetas Camisas, parte superior Blusa, suéter con capucha, camisas de lino, con botones, Camisa, chaleco de deportes de tanques, sin mangas, gimnasio, camisas, dobladillo Tank parte superior, Basic Tank, bandera americana
Hombres chamarra de invierno Hombres chamarra con capucha Hombres chamarra piel ligero hombres chaquetas en venta Hombres Hombre, abrigos y chaquetas de invierno abrigos de invierno Hombres con capucha Hombres Abrigos De Invierno De Los Hombres Abrigos y grandes hombres sudadera con capucha suéter de hombres sudadera con capucha Hombres suéter Jersey de hombres, suéters en venta Hombres Chaleco para hombre hombres sudadera con capucha y sudaderas con capucha Hombres Casual Hombre Sudadera chamarra hombres sudadera chamarra Hombres suéteres cuello redondo
Hombres Camisetas Hombre camisetas gráfico camisetas de moda de hombres camisetas Camisas de cuello en V Hombre T blanco Hombres Camisetas de Manga Larga camisetas graciosas de hombres camisetas Hombre camisetas de algodón con bolsillo Hombres Camisetas Graphic Hip Hop Hombres Hombres camisas de manga larga Hombres camisas de polo camisas para hombres camisas Tops de hombres Hombres camisas casual camisas camisetas Slim Fit – Grande y alto de hombres de manga corta Tops TOPS Tops de manga larga Hombres camisas Tops moda hombres chamarra Hombres Chaquetas en venta de invierno
Hombres Camisa con capucha para hombres camisa Slim Fit Camisa apagado hombro para mujer playera Camisa pintura camisa XL playera cajas de regalo 5T niños playera Camisa etiquetas son en 6 x B playera Corazón Guardia camisa camisa juvenil Juniors playera Niños playera Camisa De Botones Camisa Camisa para carpeta flipfold vestidos para juniors playera para hombre camisa
Blusa para hombre largo manga corta tommy hilfiger 2017 verano en venta caliente venta redondo o cuello redondo playera comodidad suave algodón adulto Polo Camisa ajustada de trabajo de peso medio redondo para hombre Classic Camisa bandera con tirantes playera sin mangas playera Camisa De Franela bañador para hombre pantalones cortos slim fit, camisas para hombres de cuello alto abotonado, manga larga leotardo de cosplay, ropa parte superior
','../Articulos/G-Kshop-Camisa-Polo.jpg',3.87,'10');

insert into Articulo values('67','Ropa','Camisas','Paul Jones Camisa Mangas Largas','Material:60% poliéster + 40% algodón
Cierre de Button
Tamaño: S, M, L, XL, 2 x l
Color: Negro/Azul marino/Azul claro/gris/púrpura oscuro/Vino rojo/blanco/azul/marrón/verde del ejército
Características: Cierre de button-down, Slim Fit, manga larga, color sólido
Paul Jones de hombre manga larga Slim Fit playera Causal Tops.','../Articulos/Paul-Jones-Camisa-Mangas-Largas.jpg',19.99,'10');

insert into Articulo values('68','Ropa','Camisas','Sportrendy Camisa Mangas Largas','95% algodón + 5% licra
Imported and Designed by Sportrendy
delgado Ajuste Holgado estilo, si usted desea "", usted puede elegir 1 talla más.
Medida de la camisa pecho plano tamaño: S (39 – 40 inch) M (41 – 42 inch) L (43 – 44 inch) XL (47 – 48 inch)
Ocasión: Slim Fit Camisa para las actividades, fiestas, disfraz, fiesta, show, rendimiento, danza, disfraces, Play, fotografía, citas, Expo, películas, y etc.
arte tatuaje playera de mezcla de algodón elástico que te sientas cómodo, ligero, suave,, estilo de moda, tendencia, delgado.
Instrucciones de lavado: lavar a máquina o lavado a mano en agua fría, no usar lejía, planchar a baja temperatura y secar en la secadora a baja temperatura.
','../Articulos/Sportrendy-Camisa-Mangas-Largas.jpg',25,'10');

insert into Articulo values('69','Ropa','Camisas','SSLR Camisa Mangas Cortas','100% algodón
Lavable a máquina o a mano.
Corte recto, de alta calidad.
Manga corta botón frontal de manga corta con cuello solapa floral y de interior, todo ancla impresiones
Propagación collar
Fabricado en China.','../Articulos/SSLR-Camisa-Mangas-Cortas.jpg',31,'10');

insert into Articulo values('70','Ropa','Camisas','YTD Camisa Mangas Largas','100% algodón
US Tamaño, 100% algodón.
Estilo: Casual, Moda, relajarse, negocios, fecha
Se puede lavar a máquina, Lavar a mano sugerido y seco
Diseño impreso y button-down moda, conciso y fácil, elegancia de moda, cómodo y práctico
','../Articulos/YTD-Camisa-Mangas-Largas.jpg',21.99,'10');

insert into Articulo values('71','Ropa','Deportiva','Champion Pantalones Cortos','Oxford gris: 90% algodón, 10% poliéster
Importado
Cierre de Drawstring
Lavar a máquina
Corto con Logo en izquierdo dobladillo y cintura elástica con cordón interno ajustable
Bolsillos laterales para almacenamiento
9" entrepierna','../Articulos/Champion-Pantalones-Cortos.jpg',32.93,'10');

insert into Articulo values('72','Ropa','Deportiva','FITTIN Pantalon Corto Yoga','Lo mejor para Gimnasio exterior N interior (por ejemplo, correr, yoga)
Diseñado con tela funcional, este versátil, transpirable y ligero Pantalones cortos están diseñados para absorber la humedad y se seca rápidamente para mayor comodidad mientras entrenas.
Segunda piel ajuste cómodo, resistente al olor suave te mantiene fresco, absorbe la humedad te mantiene fresco y seco.
Ir fiel a medida para ajuste regular, ir 1 tamaño abajo para ajuste de compresión
Material: 90% poliéster, 10% Spandex (tela)','../Articulos/FITTIN-Pantalon-Corto-Yoga.jpg',26.99,'10');

insert into Articulo values('73','Ropa','Deportiva','Icyzone Activewear Runnings','95% Polyester 5% Spandex. Lightweight, stretchy, moisture-wicking power fabric keep you cool and dry
Machine Washable
Banded crew neckline make sure its stretchy and tag-free neck label offers you the maximum comfort
Racerback style with bound edges and flatlock seams
Heathered Workout running yoga fitness tank top. Attention! The 3 colors combination is pack of 3, but the single color is only one
Perfect tank top for yoga, exercise, fitness, gym, running, any type of workout or everyday use. icyZone active wear combine fashion, function and performance','../Articulos/Icyzone-Activewear-Runnings.jpg',19.99,'10');

insert into Articulo values('74','Ropa','Deportiva','Tesla Leggins Ajustados','Tesla Marca Certificada Garantizada para ser la mejor y única ropa de Yoga que necesitarás.-
Control de abdomen:Longitud de tobillo con cintura alta activo cintura elástica:Excepcional cinturilla elástica que se mantiene en su lugar, fabulosa, elegante y apropiada.
Compre con confianza "pantalones de yoga de primera calidad”.
Ajuste ultra elástico suficiente grosor con transpirabilidad:Sin Ver a través de la cual se adelgaza, se conforma y se contornea con cada postura y movimiento.
Un bolsillo de seguridad oculto que sujeta simple objetos como llaves o tarjetas de crédito.
Absorbe la humedad:Proporciona comodidad ligera junto con capacidades de absorción del sudor y secado.
tela transpirable con fuelle, ofrece máximo confort y movilidad.
Color sólido:87% poliéster, 13% Elastano/Color mezclado:87% poliéster, 13% Elastano/Color de tinte de espacio:90% poliéster, 10% Elastano.','../Articulos/Tesla-Leggins-Ajustados.jpg',19.98,'10');

insert into Articulo values('75','Ropa','Deportiva','Under Armour Camiseta Tecnica Hombres','100 % poliéster
Importado
La tela Under Armour Tech es de secado rápido, ultrasuave y tiene un tacto más natural.
El Sistema de Distribución de Humedad absorbe el sudor y se seca rápidamente.','../Articulos/Under-Armour-Camiseta-Tecnica-Hombres.jpg',97.76,'10');

insert into Articulo values('76','Ropa','Pantalones','Briggs New York Womens','63% poliéster, 33% rayón, 4% licra
Importado
Cierre de Hook and Bar
Lavar a máquina
Botón Fly con bolsillos y doble cierre de gancho
Características cintura adelgazante sin hueco
Trabillas para el cinturón, bolsillos delanteros y la espalda, bolsillos laterales.
63% poliéster, 33% rayón y 4% elastano.','../Articulos/Briggs-New-York-Womens.jpg',19.71,'10');

insert into Articulo values('77','Ropa','Pantalones','Demon Hunter 802R Series','100% algodón
Cierre de Zipper
Cintura media.
Lavable a Máquina
Regular fit
Cierre: Cierre de cierre
Pierna recta','../Articulos/Demon-Hunter-802R-Series.jpg',29,'10');

insert into Articulo values('78','Ropa','Pantalones','Haggar Mens Cool 18','100 % poliéster
Importado
Lavar a máquina
no-iron vestido pantalón con cintura frontal plano y ampliable
side-slant bolsillos y bolsillos atrás con botón','../Articulos/Haggar-Mens-Cool-18.jpg',95.74,'10');

insert into Articulo values('79','Ropa','Pantalones','HyBrid & Company Women Super Comfy','Imprescindible para cada mujer: un rayón mezcla hace que estos pantalones elástico ajuste como un sueño. Se poner como leggings, lo que las hace una opción rápida y cómodamente para comenzar cualquier atuendo con estilo. Ahora usted puede mirar de mientras disfruta de toda la comodidad de tu favorito pantalones de yoga.
Gran selección: Nuestros pantalones con 3 estilos diferentes: largo, Capri y Bermuda. Todos ellos están simple y elegante que es perfecto para negocios, viajes, y celebraciones. Desgaste Ella Para Trabajo, reuniones, fiestas, noche de chicas, o simplemente dar un paseo alrededor de un parque. Un acabado más limpio de oficina perfecto para Happy Hour,
Tamaño perfecto: más cómoda cintura elástica, proporcionando todo alrededor de la facilidad y amplitud, nunca demasiado apretado o restrictiva
Fácil cuidado: Lavar a máquina y secar.','../Articulos/HyBrid-Company-Women-Super-Comfy.jpg',25.99,'10');

insert into Articulo values('80','Ropa','Pantalones','Van Heusen Mens Flex','72% poliéster, 22% rayón, 6% licra
Importado
Lavar a máquina
Mantén tu aspecto en su lugar de la mañana camino al trabajo a media tarde reuniones gracias a nuestra Clever shirt-gripper – una excelente adición a nuestra cómodo elástico cintura
Esta prenda es mecánicamente diseñado para moverse con usted
Hemos hecho fácil de limpiar (porque sabemos que usted está ocupado) lavar, secar, vaya.. y siempre se ven muy bien
','../Articulos/Van-Heusen-Mens-Flex.jpg',97.76,'10');

insert into Articulo values('81','Ropa','Vestidos','Feager Casual de rayas manga corta','Material: Algodón, Spandex, suave y elástico material hacen que sea cómodo de llevar
Vestido a rayas, simple pero nunca pasa de moda, es un clásico atemporal diseño clásico, es un básico y vestido de verano
Esta playera cuenta con cuello redondo, dos bolsillos, Mini vestido, encima de la rodilla, Vestido con corte, detrás de la, Criss Cruz Diseño, añadir un poco de sexy para tu vestido casual
Esta encantadora a rayas es esencial como un aspecto romántico para fecha noches de verano. o caída, es ligera y transpirable, puede ser vestido hacia abajo con una sandalia o vestirse con tacón alto.
Adecuado para el trabajo, la vida cotidiana, oficina, día festivo en la playa, fiesta, cóctel, baile, otras ocasiones','../Articulos/Feager-Casual-de-rayas-manga-corta.jpg',17.99,'10');

insert into Articulo values('82','Ropa','Vestidos','Grace Karin vestido de tarde vintage','material: 96% algodón + 4% licra, confortable al tacto de la piel
Características: sin mangas & boatneck, cierre oculta en la parte trasera, viene con un cinturón como imágenes muestran
Perfecto para diario casual, bola, fiesta, banquetes y otras ocasiones
Aviso: Antes de orden, por favor refiérase a la tabla de tallas Foto izquierda (no la tabla de tallas de Amazon)
Contenido del paquete: 1 x vestido + 1 x Cinturón
Algunos clientes se refleja que pedir de otros vendedores, y la calidad es muy pobre. así antes de orden, por favor confirme el vestido ser comprados para pladur reina.
','../Articulos/Grace-Karin-Vestido-de-tarde-vintage.jpg',30.99,'10');

insert into Articulo values('83','Ropa','Vestidos','MissMay vestido de fiesta largo','90% Nylon,10% Spandex
Importado
Tendido de tamaño grande, por favor consulte a el tamaño datos en Descripción del producto
Lavar a mano, baja temperatura.
Por encima de rodilla, cierre oculta en la parte izquierda, diseño de patrón floral
Retro estilo elegante, Full superposición de encaje
Traje de noche, cóctel, boda y formal ocasión','../Articulos/MissMay-vestido-de-fiesta-largo.jpg',36.99,'10');

insert into Articulo values('84','Ropa','Vestidos','Trancylight Vestido largo sin mangas','Material: 95% poliéster; 5% elastano, favorecedor y suave.
O vestido sin mangas a rayas de cuello, te hace delgado y sexy.
Ocasión: hogar, vacaciones, fiesta, escuela, playa, trabajo.
Por favor, consulta la tabla de tallas antes de realizar el pedido, cualquier pregunta, no dudes en contactar con nosotros.
Cuidado de la ropa: lavar a máquina en frío; se recomienda lavar a mano; no usar lejía.
Comprados juntos habitualmente','../Articulos/Trancylight-Vestido-largo-sin-mangas.jpg',13.99,'10');

insert into Articulo values('85','Ropa','Vestidos','Walant mujer manga corta','Material: poliéster, el material es bien hecho, que es muy cómodo de llevar.
Características: cuello redondo, color sólido, dobladillo irregular, manga corta Bodycon vestido
Ocasión: Al Aire última intervensión, playa, fiesta, cóctel, boda, Club, citas, noche o desgaste diario.
Cuidado de la ropa: Lavable a Máquina, se recomienda lavar a mano. Por favor planchar después de secar y luego desmontarlo está perfectamente.
"walant" tiene marca registrada, el artículo es sólo proporcionada por walant, nuestra calidad es totalmente diferente de otros vendedores falsificaciones, por favor reconocer el único vendedor "walant moda" y añadir artículo a "walant", gracias.','../Articulos/Walant-mujer-manga-corta.jpg',14.99,'10');

insert into Articulo values('86','Zapatos','Casuales','Adidas mens VL Court','cuero
Importado
Suela de Sintético
El eje mide aproximadamente low-top" desde el arco
Adidas
Producto importado','../Articulos/Adidas-mens-VL-Court.jpg',110.03,'10');

insert into Articulo values('87','Zapatos','Casuales','Clarks Mens Raharto','Leather
Imported
Synthetic sole
Shaft measures approximately not_applicable from arch
Heel Height .78 inches
Removable Ortholite footbed
Cushion Soft technology
Lightweight EVA outsole','../Articulos/Clarks-Mens-Raharto.jpg',154.98,'10');

insert into Articulo values('88','Zapatos','Casuales','Grasshoppers Windham zapatillas bajas','tela
Importado
Suela de Sintético
Barco shoe-inspired plano con cordones around-the-collar y elástico gores en lengua
Plantilla extraíble.','../Articulos/Grasshoppers-Windham-zapatillas-bajas.jpg',57.63,'10');

insert into Articulo values('89','Zapatos','Casuales','Soda Tracer Slip women','sintético
Hecho en EE. UU. o importado
Slip-on
Medidas de la plataforma aproximadamente 1"
Parte superior perforada
Cuello acolchado
Suela: sintético.','../Articulos/Soda-Tracer-Slip-women.jpg',44.95,'10');

insert into Articulo values('90','Zapatos','Casuales','Under Armour Mens Street IV Sneaker','textil
Importado
Suela de Goma
El eje mide aproximadamente not_applicable desde el arco
Elástico lona superior completa proporciona el mejor ajuste y mayor comodidad.
Sistema de cordones cuerda elástica elástico proporciona facilidad de entrada, construido para rápidamente antideslizante el zapato de poner y quitar
Plantilla, entresuela de EVA se amolda a tu pie
Rediseñado suela de EVA ofrece una mayor movilidad, acolchado ligero y mayor tracción
','../Articulos/Under-Armour-Mens-Street-IV-Sneaker.jpg',64.99,'10');

insert into Articulo values('91','Zapatos','Deportivos','Feetmat Women run shoes','Usos: casual, caminar, correr, interiores, deportes, exteriores, viajes, ejercicio, entrenamiento y cualquier ocasión.
Exterior de malla superligera y transpirable que se expande con el pie cuando corres y se ajusta para ayudarte a reducir la irritación.
La suela de goma antideslizante de alta elasticidad y suavidad se puede doblar; se adapta al terreno para lograr estabilidad y funciona de manera estratégica para optimizar las propiedades únicas en cada paso.
Unas zapatillas cómodas, modernas y duraderas, hechas con materiales que protegen el medio ambiente. Las plantillas con soporte del arco del pie ofrecen el mejor apoyo mientras te mueves.
','../Articulos/Feetmat-Women-run-shoes.jpg',36.99,'10');

insert into Articulo values('92','Zapatos','Deportivos','Puma Women Pum Osu','tela/sintético
Hecho en EE. UU. o importado
Suela de Sintético
Laceless Cross-trainer con correas de ante sintético con capas de malla con cierre de velcro
Transpirable plantilla EcoOrthoLite
carbon-rubber suela con surcos flexibles','../Articulos/Puma-Women-Pum-Osu.jpg',148.84,'10');

insert into Articulo values('93','Zapatos','Deportivos','Swiss Men Leo Sneakers Flex Knit','Manmade Materials
Casual lightweight athletic sneakers
Knit Toe Vamp, Faux Leather Trim Detail
Secure Lace-Up Closure
Upper sock-like construction for a comfortable fit
Flexible treaded outsole, medium width','../Articulos/Swiss-Men-Leo-Sneakers-Flex-Knit.jpg',29.99,'10');

insert into Articulo values('94','Zapatos','Deportivos','Tiosebon Women ligero hilo dorado','Fabric mixed with gold thread
Transpirable, ligero y flexible
Ajuste para diversas ocasiones, perfecto para casual, caminar, correr, deportes
Elástico, transpirable y ligera de punto superior expandirse con tus pies cuando corres y se ajuste más cómodo cerca para ayudarle a reducir la irritación
0,5 al tamaño para del cliente con pies muy amplios','../Articulos/Tiosebon-Women-ligero-hilo-dorado.jpg',29.99,'10');

insert into Articulo values('95','Zapatos','Deportivos','Welmee Men Casual Sneakers','fabric-and-synthetic
Rubber sole
Applications:Casual,Walking,Running,Outdoor,Travel,Exercise,Workout
Five Core Features:Responsive Cushioning; Breathable And Comfortable; Wrap The Foot In Adaptive Support; Extremely Durable Stability; Anti-Collision
The non-slip MD soles with high elasticity and good softness can be bended freely.Perfect accord with human body engineering, green, healthy concept design.
Size is the standard shoes size.Please purchase by normal size.
We are the only WELMEE seller, and all products are shipped from the US.','../Articulos/Welmee-Men-Casual-Sneakers.jpg',26.99,'10');

insert into Articulo values('96','Zapatos','Tacones','Camssoo Fiesta de noche','Sintético
Importado
Suela de Goma
La plataforma mide aproximadamente 1.6
Talón mide 5.5 inch (15.3 yard), Altura de la plataforma: 1.6 inch (4.4 yard).
Características: punta redonda, tobillo ajustable hebilla, Compatible Con Todo Tipo De Ropa.
Adecuado ocasión: boda, graduación, dama de honor, noche, Club.','../Articulos/Camssoo-fiesta-de-noche.jpg',35.99,'10');

insert into Articulo values('97','Zapatos','Tacones','JJF Shoes Ericka cut out','Material: All Synthetic & Manmade Sole
Imported
Platform measures approximately 1.25"
Fitment: True to Size
Features: An almond toe, scooped vamp, ankle strap, cut out design, approx 1.25" platform, and stiletto heels. Please note it is a very glittering upper.
Heel 5.1", Platform 1.25" (Based on a size 6, measurements may vary slightly)
Please note that the fit and color may vary according to the personal references and the monitor settings
','../Articulos/JJF-Shoes-Ericka-cut-out.jpg',18,'10');

insert into Articulo values('98','Zapatos','Tacones','JJF Shoes Top Moda Polish Military','Synthetic
Made in USA or Imported
Shaft measures approximately 4 from arch
Platform measures approximately 0.75
Fitment: True to size
Features: A round toe, lace up front, padded collar, and stitching details. Finished with a chunky heel, a lightly padded insole and a 0.75" platform for comfort wear.
Heel 4.00", Platfororm 0.75", Shaft w/o Heel 4.00", Top Opening Circumference 8.5" (Measurements may vary slightly.)
','../Articulos/JJF-Shoes-Top-Moda-Polish-Military.jpg',37.95,'10');

insert into Articulo values('99','Zapatos','Tacones','MVE Shoes encaje novia','Hecho en EE. UU. o importado
Talón mide aproximadamente 4.5 inches "
Perfecta para bodas, fiestas, fiestas cenas y ocasiones especiales.
Imprescindible para cualquier clóset
Impresionante brillo material y adornos brillantes en cada zapato.
Mejor calidad: se pueden llevar durante todo el año, Estas zapatillas cuentan con una cómoda plantilla acolchada y una robusta suela de sintético para proporcionar equilibrio con cada paso.','../Articulos/MVE-Shoes-encaje-novia.jpg',27.96,'10');

insert into Articulo values('100','Zapatos','Tacones','Show Shine encanto del alto','imitación cuero
Suela de Goma
La plataforma mide aproximadamente 1.40"
Manmade Material
Puntera redondeada.
Altura del tacón: 4.5"
Zapatos ancho: Medio','../Articulos/Show-Shine-encanto-del-alto.jpg',32,'10');

insert into Articulo values('101','Zapatos','Formales','Bolvaint Verrocchio Black','cuero
Clásico vestido de zapatos; Plantilla con logotipo bolvaint
Superior: Negro novilla; presentado con un par de cordones de color negro
Forro: Piel duradera.
Resistente suela de goma
Se envía en un cordón polvo cubierta, con un cedro shoetree','../Articulos/Bolvaint-Verrocchio-Black',1150,'10');

insert into Articulo values('102','Zapatos','Formales','Bolvaint Verrocchio Redwine','cuero
Clásico vestido de zapatos; presentado con un par de cordones de color granate
Parte superior: piel Buffalo; se envía en un cordón polvo cubierta, con un cedro shoetree
Forro: Piel duradera.
Resistente suela de goma
Plantilla con logotipo de bolvaint','../Articulos/Bolvaint-Verrocchio-Redwine.jpg',1300,'10');

insert into Articulo values('103','Zapatos','Formales','Florsheim Corbetta Oxford','Full-grain cuero
Suela de Goma
Plantilla de espuma de memoria
Full exterior de piel.','../Articulos/Florsheim-Corbetta-Oxford.jpg',109.95,'10');

insert into Articulo values('104','Zapatos','Formales','Mio Marino Classics','Modernos. Consigue el aspecto de última moda con el zapato de vestir de Marino. Diseñado por los mejores diseñadores para crear la mezcla perfecta de estilo en un zapato moderno y elegante.
Asombroso ajuste. El ajuste de los zapatos de vestir de Marino te sorprenderá. - Elegantes y con clase. Por favor, ten en cuenta que los zapatos de Marino dan un poco más de talla de lo normal.
Zapatos de piel auténtica. Los zapatos de Marino de vestir están hechos de piel auténtica con suela de goma resistente, diseñados para durar y mantener el estilo durante un largo tiempo. No más roturas, rayar o raspar la parte inferior de los elegantes y pulidos zapatos.
Presentado con cuidado. Protege tus zapatos de vestir y mantén su brillo cuando los lleves en la maleta, ya que vienen con una bolsa para zapatos impermeable. Una gran idea de regalo.
','../Articulos/Mio-Marino-classics.jpg',50.95,'10');

insert into Articulo values('105','Zapatos','Formales','Seakee Business Slip-on','Unique Velcro closure design,easy on or off
Heel measures approximately 1.17"
No matter what season,perfect match with suits or casual jean
Suitable for some special events such as graduations or Prom,weddings party','../Articulos/Seakee-Business-Slip-on.jpg',26.99,'10');
